{
    "time_list": [
        28.67260456085205,
        40.396464824676514,
        35.45332098007202,
        27.796846866607666,
        33.08980846405029,
        30.481590509414673,
        29.74668288230896,
        29.118770360946655,
        25.95655584335327,
        26.43015480041504,
        36.19652795791626,
        25.898224592208862
    ],
    "time_mean": 30.769796053568523,
    "mse_non_reg_list": [
        0.007292256016568486,
        0.006943945047238651,
        0.006191286483173845,
        0.007666913206201777,
        0.007553118358248674,
        0.007933893994696873,
        0.005611619111723732,
        0.00786512332225544,
        0.0066891459507001086,
        0.005389662741191582,
        0.006980524919571409,
        0.00963705034868015
    ],
    "mse_non_reg_mean": 0.007146211625020893,
    "jacobian_reflections_list": [
        0,
        0,
        0,
        0,
        0,
        0,
        0,
        0,
        0,
        0,
        0,
        0
    ],
    "jacobian_reflections_mean": 0.0,
    "mse_list": [
        0.006798070808686517,
        0.00587461077773178,
        0.00524228140912219,
        0.009919082615731354,
        0.01407201885142978,
        0.004671350039874395,
        0.008485724957557615,
        0.009880452324430173,
        0.00677174243273937,
        0.008066227619489604,
        0.009123745777887174,
        0.012129603608658054
    ],
    "mse_mean": 0.008419575935278168,
    "mse_min": 0.004671350039874395,
    "mse_max": 0.01407201885142978,
    "mse_std": 0.0026877509481140443,
    "mse_25": 0.006547459518987473,
    "mse_50": 0.008275976288523609,
    "mse_75": 0.009890109897255469,
    "mse_var": 7.224005159087944e-06,
    "tre_list": [
        9.966790492814699,
        8.68234963230113,
        6.5474258702223285,
        11.504316734377278,
        11.040565967319129,
        10.109097491115433,
        10.671299610545738,
        11.17338001153225,
        9.99372153390925,
        11.16473652308102,
        10.575104676266246,
        13.251450064876416
    ],
    "tre_non_reg_list": [
        9.76913634205718,
        8.494507498083843,
        7.22650112505825,
        10.897011430287002,
        10.015658440855105,
        10.182910032394352,
        8.758695240509223,
        10.496656153799156,
        9.544061324168412,
        9.846359821005045,
        9.839020195255546,
        10.86221333050059
    ],
    "tre_mean": 10.390019884030076,
    "tre_non_reg_mean": 9.661060911164475,
    "tre_min": 6.5474258702223285,
    "tre_max": 13.251450064876416,
    "tre_std": 1.561959861744539,
    "tre_25": 9.986988773635613,
    "tre_50": 10.623202143405992,
    "tre_75": 11.166897395193828,
    "tre_var": 2.4397186097010195
}