{
    "time_list": [
        6.702917814254761,
        7.095844268798828,
        6.615199327468872,
        6.9434568881988525,
        6.734319686889648,
        7.012878894805908,
        6.554733753204346,
        6.871375322341919,
        6.9477033615112305,
        6.892199754714966,
        6.616153240203857,
        6.936621189117432
    ],
    "time_mean": 6.826950291792552,
    "mse_non_reg_list": [
        0.007292256016568486,
        0.006943945047238651,
        0.006191286483173845,
        0.007666913206201777,
        0.007553118358248674,
        0.007933893994696873,
        0.005611619111723732,
        0.00786512332225544,
        0.0066891459507001086,
        0.005389662741191582,
        0.006980524919571409,
        0.00963705034868015
    ],
    "mse_non_reg_mean": 0.007146211625020893,
    "jacobian_reflections_list": [
        0,
        0,
        0,
        0,
        0,
        0,
        0,
        0,
        0,
        0,
        0,
        0
    ],
    "jacobian_reflections_mean": 0.0,
    "mse_list": [
        0.005703812940366526,
        0.00536941746060736,
        0.004362725179539135,
        0.005173135513619878,
        0.0060615578055824276,
        0.005305486182258795,
        0.003609014361141966,
        0.005794048981590581,
        0.004724556859860622,
        0.0035441832131843667,
        0.0051553587079752085,
        0.006425597552350943
    ],
    "mse_mean": 0.005102407896506484,
    "mse_min": 0.0035441832131843667,
    "mse_max": 0.006425597552350943,
    "mse_std": 0.0008650330559845361,
    "mse_25": 0.004634098939780251,
    "mse_50": 0.005239310847939336,
    "mse_75": 0.00572637195067254,
    "mse_var": 7.482821879459455e-07,
    "tre_list": [
        9.066771312727397,
        7.605391206961891,
        6.777859282526598,
        9.429236803860398,
        8.656716054134261,
        9.026818973627485,
        8.08197454116529,
        8.585884544110767,
        8.400323435934679,
        8.30358094951663,
        8.281739911872819,
        8.85569450824112
    ],
    "tre_non_reg_list": [
        9.76913634205718,
        8.494507498083843,
        7.22650112505825,
        10.897011430287002,
        10.015658440855105,
        10.182910032394352,
        8.758695240509223,
        10.496656153799156,
        9.544061324168412,
        9.846359821005045,
        9.839020195255546,
        10.86221333050059
    ],
    "tre_mean": 8.422665960389944,
    "tre_non_reg_mean": 9.661060911164475,
    "tre_min": 6.777859282526598,
    "tre_max": 9.429236803860398,
    "tre_std": 0.6822712778884622,
    "tre_25": 8.231798569195936,
    "tre_50": 8.493103990022723,
    "tre_75": 8.89847562458771,
    "tre_var": 0.4654940966315552
}