{
    "time_list": [
        2.5407655239105225,
        0.42111968994140625,
        0.37589430809020996,
        0.40849900245666504,
        0.3583238124847412,
        0.39324021339416504,
        0.3643980026245117,
        0.35338497161865234,
        0.37513232231140137,
        0.3431382179260254,
        0.34555602073669434,
        0.3666858673095703
    ],
    "time_mean": 0.5538448294003805,
    "mse_non_reg_list": [
        0.05676877619794012,
        0.10018178170938415,
        0.09994048317050701,
        0.09967734836147953,
        0.08636661747821864,
        0.07629846457179437,
        0.07316592529715997,
        0.08012433717569059,
        0.07076054041608767,
        0.05478794254700433,
        0.06570156352223316,
        0.08759864041975067
    ],
    "mse_non_reg_mean": 0.07928103507227086,
    "jacobian_reflections_list": [
        6,
        6,
        17,
        31,
        16,
        0,
        5,
        18,
        1,
        16,
        15,
        11
    ],
    "jacobian_reflections_mean": 11.833333333333334,
    "mse_list": [
        0.0016661206601070182,
        0.011536931050214841,
        0.00295039321187543,
        0.0075021266260095745,
        0.003381071556904783,
        0.0013099378060832487,
        0.002744286509224785,
        0.004131504612219978,
        0.003035199889062489,
        0.003600881258972009,
        0.0023274701078659114,
        0.0023944264747328137
    ],
    "mse_mean": 0.0038816958136060737,
    "mse_min": 0.0013099378060832487,
    "mse_max": 0.011536931050214841,
    "mse_std": 0.0027557502252006706,
    "mse_25": 0.0023776873830160883,
    "mse_50": 0.0029927965504689593,
    "mse_75": 0.0037335370972840015,
    "mse_var": 7.594159303693547e-06
}