{
    "time_list": [
        6.904428005218506,
        1.4543895721435547,
        1.4565925598144531,
        1.4515182971954346,
        1.4634225368499756,
        1.9706809520721436,
        1.4952938556671143,
        1.4654185771942139,
        1.4347634315490723,
        1.6519863605499268,
        1.492605209350586,
        1.5425243377685547
    ],
    "time_mean": 1.981968641281128,
    "mse_non_reg_list": [
        0.007292256016568486,
        0.006943945047238651,
        0.006191286483173845,
        0.007666913206201777,
        0.007553118358248674,
        0.007933893994696873,
        0.005611619111723732,
        0.00786512332225544,
        0.0066891459507001086,
        0.005389662741191582,
        0.006980524919571409,
        0.00963705034868015
    ],
    "mse_non_reg_mean": 0.007146211625020893,
    "jacobian_reflections_list": [
        567,
        72,
        567,
        824,
        454,
        386,
        780,
        539,
        262,
        508,
        267,
        379
    ],
    "jacobian_reflections_mean": 467.0833333333333,
    "mse_list": [
        0.00031683190598461096,
        0.0002984455660059615,
        0.0003567328027691439,
        0.0003112546110226119,
        0.00037617024582567584,
        0.0004333661426305697,
        0.00027182480986971306,
        0.0003521229045396395,
        0.0002454047201225276,
        0.0002504457259251501,
        0.00045573649675853414,
        0.00040153589791884725
    ],
    "mse_mean": 0.0003391559857810821,
    "mse_min": 0.0002454047201225276,
    "mse_max": 0.00045573649675853414,
    "mse_std": 6.603752112258464e-05,
    "mse_25": 0.0002917903769718994,
    "mse_50": 0.0003344774052621252,
    "mse_75": 0.0003825116588489687,
    "mse_var": 4.360954196015811e-09,
    "tre_list": [
        8.926188168770999,
        7.815029436780444,
        7.402957098014122,
        9.905110256976554,
        9.094390087122013,
        8.965398325916976,
        8.375428096388193,
        9.441286050423601,
        8.635651321452336,
        8.500167444982972,
        8.894197917026641,
        10.015532319891792
    ],
    "tre_non_reg_list": [
        9.76913634205718,
        8.494507498083843,
        7.22650112505825,
        10.897011430287002,
        10.015658440855105,
        10.182910032394352,
        8.758695240509223,
        10.496656153799156,
        9.544061324168412,
        9.846359821005045,
        9.839020195255546,
        10.86221333050059
    ],
    "tre_mean": 8.830944710312222,
    "tre_non_reg_mean": 9.661060911164475,
    "tre_min": 7.402957098014122,
    "tre_max": 10.015532319891792,
    "tre_std": 0.7335092853384926,
    "tre_25": 8.468982607834278,
    "tre_50": 8.91019304289882,
    "tre_75": 9.18111407794741,
    "tre_var": 0.5380358716777861
}