{
    "time_list": [
        2.1034934520721436,
        2.121748685836792,
        2.445988416671753,
        2.3943207263946533,
        2.4135544300079346,
        2.405877113342285,
        2.4005539417266846,
        2.3129048347473145,
        2.165189504623413,
        2.0950231552124023,
        2.091224431991577,
        2.164213180541992
    ],
    "time_mean": 2.259507656097412,
    "mse_non_reg_list": [
        0.05676877619794012,
        0.10018178170938415,
        0.09994048317050701,
        0.09967734836147953,
        0.08636661747821864,
        0.07629846457179437,
        0.07316592529715997,
        0.08012433717569059,
        0.07076054041608767,
        0.05478794254700433,
        0.06570156352223316,
        0.08759864041975067
    ],
    "mse_non_reg_mean": 0.07928103507227086,
    "mse_list": [
        0.02391478439360678,
        0.07210095137807027,
        0.03880676428229113,
        0.05322192279430083,
        0.020938435592141487,
        0.01964436848298195,
        0.025121482402100624,
        0.023704580714028985,
        0.014597078823206964,
        0.027944021064452776,
        0.028524434858543283,
        0.04193526484153789
    ],
    "mse_mean": 0.03253784080227191,
    "mse_min": 0.014597078823206964,
    "mse_max": 0.07210095137807027,
    "mse_std": 0.015779568226852152,
    "mse_25": 0.02301304443355711,
    "mse_50": 0.0265327517332767,
    "mse_75": 0.03958888942210282,
    "mse_var": 0.00024899477342588193
}