{
    "time_list": [
        6.97518515586853,
        1.4379220008850098,
        1.443314552307129,
        1.430814504623413,
        1.4414119720458984,
        1.6049399375915527,
        1.4270002841949463,
        1.4609358310699463,
        1.4527204036712646,
        1.4295623302459717,
        1.4359450340270996,
        1.4449717998504639
    ],
    "time_mean": 1.9153936505317688,
    "mse_non_reg_list": [
        0.027196817708618665,
        0.05236661739050149,
        0.05373670184760704,
        0.02276938032670222,
        0.04520271421442481,
        0.03171525171271101,
        0.025879188281890394,
        0.02919659610673766,
        0.019087215192893577,
        0.01584862695047362,
        0.04569002511951038,
        0.028918410307590205
    ],
    "mse_non_reg_mean": 0.03313396209663842,
    "jacobian_reflections_list": [
        19887,
        105629,
        39580,
        48645,
        39478,
        74720,
        23491,
        60099,
        42735,
        41899,
        68692,
        59962
    ],
    "jacobian_reflections_mean": 52068.083333333336,
    "mse_list": [
        0.0017108584376423844,
        0.0044480241055265,
        0.005451114994482864,
        0.0016992573943492913,
        0.003831334402145772,
        0.0020415536223059067,
        0.0020654030309614304,
        0.0026285540564754653,
        0.0012494229168404552,
        0.0011222205680075218,
        0.002577179396022471,
        0.0028720164970717477
    ],
    "mse_mean": 0.002641411618485984,
    "mse_min": 0.0011222205680075218,
    "mse_max": 0.005451114994482864,
    "mse_std": 0.0012689379083215377,
    "mse_25": 0.001707958176819111,
    "mse_50": 0.0023212912134919507,
    "mse_75": 0.0031118459733402537,
    "mse_var": 1.6102034151754394e-06,
    "tre_list": [
        16.041439735941935,
        21.453608522812843,
        20.67488752632203,
        16.63055005530736,
        19.846073766396746,
        16.986560707075263,
        17.989068830453867,
        16.619222922578665,
        16.129562092499352,
        15.230432823304232,
        20.728211532681108,
        16.187531040502343
    ],
    "tre_non_reg_list": [
        9.76913634205718,
        8.494507498083843,
        7.22650112505825,
        10.897011430287002,
        10.015658440855105,
        10.182910032394352,
        8.758695240509223,
        10.496656153799156,
        9.544061324168412,
        9.846359821005045,
        9.839020195255546,
        10.86221333050059
    ],
    "tre_mean": 17.876429129656312,
    "tre_non_reg_mean": 9.661060911164475,
    "tre_min": 15.230432823304232,
    "tre_max": 21.453608522812843,
    "tre_std": 2.0986004072948874,
    "tre_25": 16.173038803501594,
    "tre_50": 16.80855538119131,
    "tre_75": 20.05327720637807,
    "tre_var": 4.404123669498268
}