{
    "time_list": [
        3.4284422397613525,
        3.4730465412139893,
        3.31899094581604,
        3.371612787246704,
        3.608314037322998,
        3.5994746685028076,
        3.458829879760742,
        3.641219139099121,
        3.5086915493011475,
        3.613419771194458,
        3.544329881668091,
        3.4699552059173584
    ],
    "time_mean": 3.5030272205670676,
    "mse_non_reg_list": [
        0.05676877619794012,
        0.10018178170938415,
        0.09994048317050701,
        0.09967734836147953,
        0.08636661747821864,
        0.07629846457179437,
        0.07316592529715997,
        0.08012433717569059,
        0.07076054041608767,
        0.05478794254700433,
        0.06570156352223316,
        0.08759864041975067
    ],
    "mse_non_reg_mean": 0.07928103507227086,
    "mse_list": [
        0.035618302794176535,
        0.07838934411325042,
        0.07089773049067258,
        0.07686629518708668,
        0.06132318317958077,
        0.04011958324367709,
        0.04557392546928482,
        0.053575059687189494,
        0.04958763122079305,
        0.0468404168808337,
        0.03701546193071617,
        0.04804148446630686
    ],
    "mse_mean": 0.05365403488863068,
    "mse_min": 0.035618302794176535,
    "mse_max": 0.07838934411325042,
    "mse_std": 0.014294150040062431,
    "mse_25": 0.04421033991288289,
    "mse_50": 0.048814557843549954,
    "mse_75": 0.06371682000735372,
    "mse_var": 0.00020432272536781678
}