{
    "time_list": [
        3.4110848903656006,
        3.3495917320251465,
        3.4528770446777344,
        3.467118978500366,
        3.3344109058380127,
        3.3643603324890137,
        3.324979782104492,
        3.3202614784240723,
        3.340437412261963,
        3.4179015159606934,
        3.328334093093872,
        3.3243136405944824
    ],
    "mse_list": [
        0.007292256016568486,
        0.006943945047238651,
        0.006191286483173845,
        0.007666913206201777,
        0.007553118358248674,
        0.007933893994696873,
        0.005611619111723732,
        0.00786512332225544,
        0.0066891459507001086,
        0.005389662741191582,
        0.006980524919571409,
        0.00963705034868015
    ],
    "jacobian_reflections_list": [
        0,
        0,
        0,
        0,
        0,
        0,
        0,
        0,
        0,
        0,
        0,
        0
    ],
    "time_mean": 3.3696393171946206,
    "mse_mean": 0.007146211625020893,
    "jacobian_reflections_mean": 0.0
}