{
    "time_list": [
        6.956316709518433,
        1.6948316097259521,
        1.4599435329437256,
        1.586317539215088,
        1.5426812171936035,
        1.5544095039367676,
        1.5664703845977783,
        1.4626152515411377,
        1.4574048519134521,
        1.4742517471313477,
        1.4651405811309814,
        1.5105488300323486
    ],
    "time_mean": 1.9775776465733845,
    "mse_non_reg_list": [
        0.007292256016568486,
        0.006943945047238651,
        0.006191286483173845,
        0.007666913206201777,
        0.007553118358248674,
        0.007933893994696873,
        0.005611619111723732,
        0.00786512332225544,
        0.0066891459507001086,
        0.005389662741191582,
        0.006980524919571409,
        0.00963705034868015
    ],
    "mse_non_reg_mean": 0.007146211625020893,
    "jacobian_reflections_list": [
        325,
        61,
        911,
        436,
        471,
        1023,
        1084,
        583,
        357,
        459,
        436,
        915
    ],
    "jacobian_reflections_mean": 588.4166666666666,
    "mse_list": [
        0.00043714921679627745,
        0.0004615003683676775,
        0.0005184482098149403,
        0.0004744544071004975,
        0.0005167122886723952,
        0.0005190224367968503,
        0.0003761963163271811,
        0.0005078046812422521,
        0.00039951301213428245,
        0.0002987883497458372,
        0.0005894719987181718,
        0.0005983027014175052
    ],
    "mse_mean": 0.0004747803322611556,
    "mse_min": 0.0002987883497458372,
    "mse_max": 0.0005983027014175052,
    "mse_std": 8.320397530585147e-05,
    "mse_25": 0.0004277401656307787,
    "mse_50": 0.0004911295441713748,
    "mse_75": 0.0005185917665604178,
    "mse_var": 6.922901506696741e-09,
    "tre_list": [
        8.699806972801511,
        7.731225760263858,
        6.834283369511884,
        9.776610836175454,
        9.027513129814817,
        8.651377251399952,
        7.985691784812364,
        9.192641982198545,
        8.226154483038497,
        8.200147702893416,
        8.706038454702295,
        9.735460824820297
    ],
    "tre_non_reg_list": [
        9.76913634205718,
        8.494507498083843,
        7.22650112505825,
        10.897011430287002,
        10.015658440855105,
        10.182910032394352,
        8.758695240509223,
        10.496656153799156,
        9.544061324168412,
        9.846359821005045,
        9.839020195255546,
        10.86221333050059
    ],
    "tre_mean": 8.563912712702741,
    "tre_non_reg_mean": 9.661060911164475,
    "tre_min": 6.834283369511884,
    "tre_max": 9.776610836175454,
    "tre_std": 0.8044374251534734,
    "tre_25": 8.146533723373153,
    "tre_50": 8.67559211210073,
    "tre_75": 9.06879534291075,
    "tre_var": 0.64711957098755
}