{
    "time_list": [
        9.861824989318848,
        9.981672048568726,
        10.034077644348145,
        10.568958520889282,
        10.133187055587769,
        10.116393804550171,
        10.33244013786316,
        9.87831449508667,
        9.893701314926147,
        9.6352379322052,
        10.038719177246094,
        9.890282392501831
    ],
    "time_mean": 10.03040079275767,
    "mse_non_reg_list": [
        0.007292256016568486,
        0.006943945047238651,
        0.006191286483173845,
        0.007666913206201777,
        0.007553118358248674,
        0.007933893994696873,
        0.005611619111723732,
        0.00786512332225544,
        0.0066891459507001086,
        0.005389662741191582,
        0.006980524919571409,
        0.00963705034868015
    ],
    "mse_non_reg_mean": 0.007146211625020893,
    "jacobian_reflections_list": [
        0,
        0,
        0,
        0,
        0,
        0,
        0,
        0,
        0,
        0,
        0,
        0
    ],
    "jacobian_reflections_mean": 0.0,
    "mse_list": [
        0.006050940151209382,
        0.005438384803910387,
        0.004414754921835022,
        0.005194499487670154,
        0.006305566561199475,
        0.005335300117061693,
        0.0036235433729580402,
        0.00587459050695656,
        0.004745555656410655,
        0.00354903139872248,
        0.005100408903736143,
        0.006520889165550593
    ],
    "mse_mean": 0.005179455420601715,
    "mse_min": 0.00354903139872248,
    "mse_max": 0.006520889165550593,
    "mse_std": 0.0009246736603197893,
    "mse_25": 0.004662855472766747,
    "mse_50": 0.005264899802365924,
    "mse_75": 0.005918677918019766,
    "mse_var": 8.55021378089197e-07,
    "tre_list": [
        8.53941744419423,
        6.983872537459113,
        7.503641828457161,
        9.844191976709324,
        8.746230879342976,
        8.917825016042334,
        8.21971014349026,
        8.276466151644534,
        8.325504786692695,
        8.45059796152651,
        8.241143413183785,
        8.315057654698574
    ],
    "tre_non_reg_list": [
        9.76913634205718,
        8.494507498083843,
        7.22650112505825,
        10.897011430287002,
        10.015658440855105,
        10.182910032394352,
        8.758695240509223,
        10.496656153799156,
        9.544061324168412,
        9.846359821005045,
        9.839020195255546,
        10.86221333050059
    ],
    "tre_mean": 8.363638316120126,
    "tre_non_reg_mean": 9.661060911164475,
    "tre_min": 6.983872537459113,
    "tre_max": 9.844191976709324,
    "tre_std": 0.6692334238609999,
    "tre_25": 8.235785095760404,
    "tre_50": 8.320281220695634,
    "tre_75": 8.591120802981417,
    "tre_var": 0.44787337561271673
}