{
    "time_list": [
        0.011076927185058594,
        0.00397944450378418,
        0.0039479732513427734,
        0.003923892974853516,
        0.0039157867431640625,
        0.004059791564941406,
        0.003914833068847656,
        0.003913402557373047,
        0.003917694091796875,
        0.0040073394775390625,
        0.003978729248046875,
        0.003974437713623047
    ],
    "time_mean": 0.004550854365030925,
    "mse_non_reg_list": [
        0.05676877619794012,
        0.10018178170938415,
        0.09994048317050701,
        0.09967734836147953,
        0.08636661747821864,
        0.07629846457179437,
        0.07316592529715997,
        0.08012433717569059,
        0.07076054041608767,
        0.05478794254700433,
        0.06570156352223316,
        0.08759864041975067
    ],
    "mse_non_reg_mean": 0.07928103507227086,
    "mse_list": [
        0.00517555823188333,
        0.026487859131910183,
        0.010984801650960108,
        0.02143815960294463,
        0.008630354911968091,
        0.0026230895835933276,
        0.005315535185909857,
        0.00707028126665924,
        0.005060055615973365,
        0.008519986258768673,
        0.006330357989737353,
        0.00476908350757424
    ],
    "mse_mean": 0.009367093578156868,
    "mse_min": 0.0026230895835933276,
    "mse_max": 0.026487859131910183,
    "mse_std": 0.006930390011221286,
    "mse_25": 0.005146682577905839,
    "mse_50": 0.006700319628198297,
    "mse_75": 0.009218966596716095,
    "mse_var": 4.803030570763578e-05
}