{
    "time_list": [
        0.3278803825378418,
        0.31802797317504883,
        0.315030574798584,
        0.3247396945953369,
        0.3066070079803467,
        0.3084738254547119,
        0.30896425247192383,
        0.33683347702026367,
        0.2883188724517822,
        0.2908165454864502,
        0.3127248287200928,
        0.29523205757141113
    ],
    "time_mean": 0.3111374576886495,
    "mse_non_reg_list": [
        0.007292256016568486,
        0.006943945047238651,
        0.006191286483173845,
        0.007666913206201777,
        0.007553118358248674,
        0.007933893994696873,
        0.005611619111723732,
        0.00786512332225544,
        0.0066891459507001086,
        0.005389662741191582,
        0.006980524919571409,
        0.00963705034868015
    ],
    "mse_non_reg_mean": 0.007146211625020893,
    "jacobian_reflections_list": [
        1626,
        4596,
        1735,
        3599,
        1570,
        2996,
        1707,
        1514,
        496,
        15567,
        4061,
        4493
    ],
    "jacobian_reflections_mean": 3663.3333333333335,
    "mse_list": [
        0.01294293804497483,
        0.016102739020770054,
        0.02020638854584159,
        0.0107775249502548,
        0.01467150892581065,
        0.012078591250323676,
        0.01120314883934834,
        0.012943191287769338,
        0.010827090818747822,
        0.007250106998017815,
        0.01847210463490401,
        0.015391565964668988
    ],
    "mse_mean": 0.013572241606785993,
    "mse_min": 0.007250106998017815,
    "mse_max": 0.02020638854584159,
    "mse_std": 0.0034507645225241163,
    "mse_25": 0.011109134334198212,
    "mse_50": 0.012943064666372083,
    "mse_75": 0.015569359228694256,
    "mse_var": 1.1907775789911091e-05,
    "tre_list": [
        10.96639799600777,
        11.358560755760386,
        12.852831814794602,
        10.839712130959452,
        11.3950385769565,
        10.632688164465966,
        12.630533678457514,
        11.327498606545165,
        10.870905832976105,
        9.824959827589723,
        12.01933137405863,
        10.518148419491238
    ],
    "tre_non_reg_list": [
        9.76913634205718,
        8.494507498083843,
        7.22650112505825,
        10.897011430287002,
        10.015658440855105,
        10.182910032394352,
        8.758695240509223,
        10.496656153799156,
        9.544061324168412,
        9.846359821005045,
        9.839020195255546,
        10.86221333050059
    ],
    "tre_mean": 11.269717264838588,
    "tre_non_reg_mean": 9.661060911164475,
    "tre_min": 9.824959827589723,
    "tre_max": 12.852831814794602,
    "tre_std": 0.8386931794908321,
    "tre_25": 10.78795613933608,
    "tre_50": 11.146948301276467,
    "tre_75": 11.551111776232032,
    "tre_var": 0.7034062493244412
}