{
    "time_list": [
        11.87489652633667,
        12.332425117492676,
        11.485713720321655,
        11.868664979934692,
        12.260584115982056,
        12.922567129135132,
        12.25502347946167,
        12.787750720977783,
        11.379677057266235,
        11.415446043014526,
        12.31661581993103,
        11.629011392593384
    ],
    "time_mean": 12.044031341870626,
    "mse_non_reg_list": [
        0.007292256016568486,
        0.006943945047238651,
        0.006191286483173845,
        0.007666913206201777,
        0.007553118358248674,
        0.007933893994696873,
        0.005611619111723732,
        0.00786512332225544,
        0.0066891459507001086,
        0.005389662741191582,
        0.006980524919571409,
        0.00963705034868015
    ],
    "mse_non_reg_mean": 0.007146211625020893,
    "jacobian_reflections_list": [
        0,
        0,
        0,
        0,
        0,
        0,
        0,
        0,
        0,
        0,
        0,
        0
    ],
    "jacobian_reflections_mean": 0.0,
    "mse_list": [
        0.0031267302622982425,
        0.0034526884504895426,
        0.0036698627398913655,
        0.003559417831845056,
        0.003871292858261784,
        0.0031257454010836226,
        0.0029782627501644707,
        0.00360245924521388,
        0.0030609753199554225,
        0.0020264124500516184,
        0.003615422011743726,
        0.004659052352178922
    ],
    "mse_mean": 0.0033956934727648043,
    "mse_min": 0.0020264124500516184,
    "mse_max": 0.004659052352178922,
    "mse_std": 0.0006003439547875014,
    "mse_25": 0.0031095528808015725,
    "mse_50": 0.0035060531411672995,
    "mse_75": 0.0036290321937806356,
    "mse_var": 3.604128640498975e-07,
    "tre_list": [
        7.66199561883899,
        6.710182926197444,
        6.291578208242302,
        8.665967849477966,
        8.041272548687248,
        7.724286926239166,
        7.241563120247636,
        8.106995673264517,
        7.216514596380806,
        7.664976937984167,
        7.863065274770242,
        8.34176702984314
    ],
    "tre_non_reg_list": [
        9.76913634205718,
        8.494507498083843,
        7.22650112505825,
        10.897011430287002,
        10.015658440855105,
        10.182910032394352,
        8.758695240509223,
        10.496656153799156,
        9.544061324168412,
        9.846359821005045,
        9.839020195255546,
        10.86221333050059
    ],
    "tre_mean": 7.627513892514468,
    "tre_non_reg_mean": 9.661060911164475,
    "tre_min": 6.291578208242302,
    "tre_max": 8.665967849477966,
    "tre_std": 0.645573632891891,
    "tre_25": 7.235300989280928,
    "tre_50": 7.694631932111666,
    "tre_75": 8.057703329831565,
    "tre_var": 0.41676531548523393
}